序号,姓名,个人ID,检测日期
1,张金翔,1234,2024-08-11  16:40:47
2,张金翔,1234,2024-08-11  16:40:48
3,张金翔,1234,2024-08-11  16:40:49
4,张金翔,1234,2024-08-11  16:40:50
5,abc,1234,2024-08-11  21:14:33
6,abc,1234,2024-08-11  21:14:34
7,abc,1234,2024-08-11  21:14:35
8,abc,1234,2024-08-11  21:14:36
9,abc,1234,2024-08-11  21:14:37
10,abc,1234,2024-08-11  21:14:38
11,abc,1234,2024-08-11  21:14:39
12,abc,1234,2024-08-11  21:14:40
13,abc,1234,2024-08-11  21:14:41
14,周老板,234,2024-08-11  21:25:36
15,zjx,2024811,2024-08-11  21:57:40
16,zjx,2024811,2024-08-11  21:57:41
17,zjx,2024811,2024-08-11  21:57:42
18,zjx,2024811,2024-08-11  21:57:43
19,zjx,2024811,2024-08-11  21:57:44
20,zjx,2024811,2024-08-11  21:57:45
21,zjx,2024811,2024-08-11  21:57:46
22,zjx,2024811,2024-08-11  21:57:47
23,zjx,2024811,2024-08-11  21:57:48
24,zjx,2024811,2024-08-11  21:57:49
25,zjx,2024811,2024-08-11  21:57:50
26,zjx,2024811,2024-08-11  21:57:51
27,zjx,2024811,2024-08-11  21:57:52
28,zjx,2024811,2024-08-11  21:57:53
29,zjx,2024811,2024-08-11  21:57:54
30,zjx,2024811,2024-08-11  21:57:55
31,zjx,2024811,2024-08-11  21:57:56
32,zjx,2024811,2024-08-11  21:57:57
33,zjx,2024811,2024-08-11  21:57:58
34,agx,20314,2024-08-11  22:09:05
35,agx,20314,2024-08-11  22:09:06
36,abc123,1234,2024-08-11  22:09:07
37,agx,20314,2024-08-11  22:09:08
38,agx,20314,2024-08-11  22:09:09
39,agx,20314,2024-08-11  22:09:10
40,agx,20314,2024-08-11  22:09:11
